{
  "control": {
    "Performance": 0.4066666666666667,
    "First Contentful Paint": 0.8633333333333333,
    "Speed Index": 1.6466666666666667,
    "Largest Contentful Paint": 1.87,
    "Time to Interactive": 2.0733333333333337,
    "Total Blocking Time": 2.2600000000000002,
    "Cumulative Layout Shift": 3.2600000000000002
  },
  "test": {
    "Performance": 0.7233333333333333,
    "First Contentful Paint": 1.3,
    "Speed Index": 2.2600000000000002,
    "Largest Contentful Paint": 2.4133333333333336,
    "Time to Interactive": 3.2566666666666673,
    "Total Blocking Time": 4.256666666666667,
    "Cumulative Layout Shift": 5.256666666666667
  }
}